,Средства физлиц,Средства юрлиц,Банк России,Межбанк,Облигации,Капитал,Прочие обязательства
2020-01-01,14732.0,7830.0,550.0,798.0,641.0,4674.0,785.178039
2020-04-01,15381.0,8874.0,652.0,765.0,711.0,4771.0,1127.904257
2020-07-01,15834.0,8528.0,606.0,570.0,724.0,5040.0,1286.747944
2020-10-01,16436.0,10103.0,698.0,740.0,748.0,5269.0,1219.529494
2021-01-01,17349.0,9770.0,919.0,1094.0,795.0,5128.0,1194.658412
2021-04-01,17139.0,11368.0,980.0,1017.0,795.0,5290.0,1083.41133
2021-07-01,17628.0,11615.0,584.0,1003.0,831.0,5194.0,1298.955322
2021-10-01,18078.0,12201.0,547.0,1185.0,827.0,5539.0,1430.355125
2023-07-01,21211.0,12876.0,1488.0,2437.0,931.0,5963.0,1332.516479
2023-10-01,22495.0,13575.0,1430.0,3140.0,925.0,6248.0,1446.545398
2024-01-01,24163.0,13848.0,2324.0,3144.0,791.0,7018.0,1380.202183
2024-04-01,24741.0,15116.0,1717.0,2398.0,675.0,7459.0,1452.904309
2024-07-01,26900.0,15175.0,971.0,2927.0,647.0,7775.0,1712.652429
2024-10-01,27765.0,16388.0,2546.0,2601.0,670.0,7430.0,2087.436083
2025-01-01,29336.0,16569.0,1793.0,3049.0,554.0,7583.0,2040.152004
2025-04-01,28921.0,16605.0,1184.0,1879.0,514.0,7939.0,3006.464059
2025-07-01,30247.0,16288.0,724.0,1898.0,522.0,8376.0,3142.328575
2025-10-01,30864.0,17431.0,1680.0,2373.0,583.0,7922.0,3436.605293
2026-01-01,33873.0,15945.0,4339.0,1706.0,693.0,8352.0,3354.849166
2026-04-01,34487.0,15859.0,2102.0,2811.0,692.0,8823.0,3675.419933
2026-07-01,34948.0,14742.0,2938.0,2270.0,657.0,9422.0,3619.739786
