quarter_end,loans_avg,funds_avg,assets_avg,loan_interest,funds_interest,nii,loan_yield_%,funds_cost_%,spread_%,nim_%
2020-04-01,20001.2302,23246.5561,31145.8457,477.4524,169.4592,404.4735,9.5485,2.9159,6.6326,5.1946
2020-07-01,20519.2974,24123.2421,32435.1608,476.9344,158.8125,416.1854,9.2973,2.6334,6.6639,5.1325
2020-10-01,21226.1077,25239.9742,33900.7589,476.9427,150.6173,433.888,8.9879,2.387,6.6009,5.1195
2021-01-01,22248.1128,26579.9143,35731.3966,495.0842,144.5401,460.02,8.9011,2.1752,6.726,5.1498
2021-04-01,22882.6721,27574.8955,36962.1348,480.8526,140.8036,451.772,8.4055,2.0425,6.363,4.889
2021-07-01,23696.9678,28631.949,37913.7967,500.4241,157.3017,421.5169,8.4471,2.1976,6.2495,4.4471
2021-10-01,24580.8769,29484.3025,38979.9853,541.2627,179.2567,471.5228,8.8079,2.4319,6.376,4.8386
2023-10-01,33163.7874,34707.9969,47749.1619,901.5625,351.2569,662.0049,10.8741,4.0481,6.8259,5.5457
2024-01-01,35242.8267,36622.3426,50963.3187,1100.1175,526.0745,701.5277,12.4861,5.7459,6.7402,5.5061
2024-04-01,36056.9861,38505.2605,53113.1031,1191.7219,688.8573,664.4354,13.2204,7.156,6.0644,5.0039
2024-07-01,37011.7426,40536.2574,54833.6052,1261.4143,765.0292,684.9584,13.6326,7.5491,6.0835,4.9966
2024-10-01,39111.4015,42645.4507,57797.3809,1469.3922,914.4781,743.0252,15.0278,8.5775,6.4503,5.1423
2025-01-01,40733.1216,44552.8375,60205.2779,1718.0434,1204.6548,796.437,16.8712,10.8155,6.0557,5.2915
2025-04-01,40748.2542,45281.6785,60486.3077,1794.1945,1336.1229,814.6982,17.6125,11.8028,5.8097,5.3877
2025-07-01,40476.0014,45576.4896,60622.8247,1806.0896,1396.7792,824.1852,17.8485,12.2588,5.5897,5.4381
2025-10-01,41539.0124,46880.0815,62743.8526,1762.8617,1290.2804,889.691,16.9755,11.0092,5.9663,5.6719
2026-01-01,43483.5847,48417.4631,66276.5397,1784.0093,1226.9397,969.3705,16.4109,10.1363,6.2745,5.8505
2026-04-01,44852.9163,49381.0075,68355.7293,1756.1007,1193.1004,934.1215,15.661,9.6644,5.9965,5.4662
2026-07-01,45609.2037,49337.1395,68523.3532,1765.1713,1023.5048,1092.6501,15.4808,8.298,7.1828,6.3783
